insert into Usuario (id, nome, login, senha, email, grupos_id) values (1, 'Edson A. do Nascimento', 'pele', '123Mudar','pele@magazineaziul.com.br', 1);
insert into Usuario (id, nome, login, senha, email, grupos_id) values (2, 'Vagner Mancini', 'vagner.mancini', '123Mudar','vagner.mancini@magazineaziul.com.br', 1);
insert into Usuario (id, nome, login, senha, email, grupos_id) values (3, 'Abel Ferreira', 'abel.ferreira', '123Mudar','abel.ferreira@magazineaziul.com.br', 1);
insert into Usuario (id, nome, login, senha, email, grupos_id) values (4, 'Rogerio Ceni', 'rogerio.ceni', '123Mudar','rogerio.ceni@magazineaziul.com.br', 1);
insert into Usuario (id, nome, login, senha, email, grupos_id) values (2, 'Ronaldinho Gaucho', 'bruna', '123Mudar','email', 2);
insert into Usuario (id, nome, login, senha, email, grupos_id) values (2, 'Bruna Candiolli', 'bruna', '123Mudar','email', 2);
insert into Usuario (id, nome, login, senha, email, grupos_id) values (2, 'Bruna Candiolli', 'bruna', '123Mudar','email', 2);
insert into Usuario (id, nome, login, senha, email, grupos_id) values (2, 'Bruna Candiolli', 'bruna', '123Mudar','email', 2);
insert into Usuario (id, nome, login, senha, email, grupos_id) values (2, 'Bruna Candiolli', 'bruna', '123Mudar','email', 2);
insert into Usuario (id, nome, login, senha, email, grupos_id) values (2, 'Bruna Candiolli', 'bruna', '123Mudar','email', 2);
insert into Usuario (id, nome, login, senha, email, grupos_id) values (2, 'Bruna Candiolli', 'bruna', '123Mudar','email', 2);
insert into Usuario (id, nome, login, senha, email, grupos_id) values (2, 'Bruna Candiolli', 'bruna', '123Mudar','email', 2);
insert into Usuario (id, nome, login, senha, email, grupos_id) values (2, 'Bruna Candiolli', 'bruna', '123Mudar','email', 2);
insert into Usuario (id, nome, login, senha, email, grupos_id) values (2, 'Bruna Candiolli', 'bruna', '123Mudar','email', 2);
insert into Usuario (id, nome, login, senha, email, grupos_id) values (2, 'Bruna Candiolli', 'bruna', '123Mudar','email', 2);
insert into Usuario (id, nome, login, senha, email, grupos_id) values (2, 'Bruna Candiolli', 'bruna', '123Mudar','email', 2);
insert into Usuario (id, nome, login, senha, email, grupos_id) values (2, 'Bruna Candiolli', 'bruna', '123Mudar','email', 2);
insert into Usuario (id, nome, login, senha, email, grupos_id) values (2, 'Bruna Candiolli', 'bruna', '123Mudar','email', 2);
insert into Usuario (id, nome, login, senha, email, grupos_id) values (2, 'Bruna Candiolli', 'bruna', '123Mudar','email', 2);
insert into Usuario (id, nome, login, senha, email, grupos_id) values (2, 'Bruna Candiolli', 'bruna', '123Mudar','email', 2);
insert into Usuario (id, nome, login, senha, email, grupos_id) values (2, 'Bruna Candiolli', 'bruna', '123Mudar','email', 2);
insert into Usuario (id, nome, login, senha, email, grupos_id) values (2, 'Bruna Candiolli', 'bruna', '123Mudar','email', 2);
insert into Usuario (id, nome, login, senha, email, grupos_id) values (2, 'Bruna Candiolli', 'bruna', '123Mudar','email', 2);
insert into Usuario (id, nome, login, senha, email, grupos_id) values (2, 'Bruna Candiolli', 'bruna', '123Mudar','email', 2);
insert into Usuario (id, nome, login, senha, email, grupos_id) values (2, 'Bruna Candiolli', 'bruna', '123Mudar','email', 2);
insert into Usuario (id, nome, login, senha, email, grupos_id) values (2, 'Bruna Candiolli', 'bruna', '123Mudar','email', 2);
insert into Usuario (id, nome, login, senha, email, grupos_id) values (2, 'Bruna Candiolli', 'bruna', '123Mudar','email', 2);
insert into Usuario (id, nome, login, senha, email, grupos_id) values (2, 'Bruna Candiolli', 'bruna', '123Mudar','email', 2);
insert into Usuario (id, nome, login, senha, email, grupos_id) values (2, 'Bruna Candiolli', 'bruna', '123Mudar','email', 2);
insert into Usuario (id, nome, login, senha, email, grupos_id) values (2, 'Bruna Candiolli', 'bruna', '123Mudar','email', 2);
insert into Usuario (id, nome, login, senha, email, grupos_id) values (2, 'Bruna Candiolli', 'bruna', '123Mudar','email', 2);
insert into Usuario (id, nome, login, senha, email, grupos_id) values (2, 'Bruna Candiolli', 'bruna', '123Mudar','email', 2);
insert into Usuario (id, nome, login, senha, email, grupos_id) values (2, 'Bruna Candiolli', 'bruna', '123Mudar','email', 2);
insert into Usuario (id, nome, login, senha, email, grupos_id) values (2, 'Bruna Candiolli', 'bruna', '123Mudar','email', 2);
insert into Usuario (id, nome, login, senha, email, grupos_id) values (2, 'Bruna Candiolli', 'bruna', '123Mudar','email', 2);
insert into Usuario (id, nome, login, senha, email, grupos_id) values (2, 'Bruna Candiolli', 'bruna', '123Mudar','email', 2);
insert into Usuario (id, nome, login, senha, email, grupos_id) values (2, 'Bruna Candiolli', 'bruna', '123Mudar','email', 2);
insert into Usuario (id, nome, login, senha, email, grupos_id) values (2, 'Bruna Candiolli', 'bruna', '123Mudar','email', 2);
insert into Usuario (id, nome, login, senha, email, grupos_id) values (2, 'Bruna Candiolli', 'bruna', '123Mudar','email', 2);
insert into Usuario (id, nome, login, senha, email, grupos_id) values (2, 'Bruna Candiolli', 'bruna', '123Mudar','email', 2);
insert into Usuario (id, nome, login, senha, email, grupos_id) values (2, 'Bruna Candiolli', 'bruna', '123Mudar','email', 2);
insert into Usuario (id, nome, login, senha, email, grupos_id) values (2, 'Bruna Candiolli', 'bruna', '123Mudar','email', 2);
insert into Usuario (id, nome, login, senha, email, grupos_id) values (2, 'Bruna Candiolli', 'bruna', '123Mudar','email', 2);
insert into Usuario (id, nome, login, senha, email, grupos_id) values (2, 'Bruna Candiolli', 'bruna', '123Mudar','email', 2);
insert into Usuario (id, nome, login, senha, email, grupos_id) values (2, 'Bruna Candiolli', 'bruna', '123Mudar','email', 2);
insert into Usuario (id, nome, login, senha, email, grupos_id) values (2, 'Bruna Candiolli', 'bruna', '123Mudar','email', 2);
insert into Usuario (id, nome, login, senha, email, grupos_id) values (2, 'Bruna Candiolli', 'bruna', '123Mudar','email', 2);
insert into Usuario (id, nome, login, senha, email, grupos_id) values (2, 'Bruna Candiolli', 'bruna', '123Mudar','email', 2);
insert into Usuario (id, nome, login, senha, email, grupos_id) values (2, 'Bruna Candiolli', 'bruna', '123Mudar','email', 2);
insert into Usuario (id, nome, login, senha, email, grupos_id) values (2, 'Bruna Candiolli', 'bruna', '123Mudar','email', 2);
insert into Usuario (id, nome, login, senha, email, grupos_id) values (2, 'Bruna Candiolli', 'bruna', '123Mudar','email', 2);
insert into Usuario (id, nome, login, senha, email, grupos_id) values (2, 'Bruna Candiolli', 'bruna', '123Mudar','email', 2);
insert into Usuario (id, nome, login, senha, email, grupos_id) values (2, 'Bruna Candiolli', 'bruna', '123Mudar','email', 2);
insert into Usuario (id, nome, login, senha, email, grupos_id) values (2, 'Bruna Candiolli', 'bruna', '123Mudar','email', 2);
insert into Usuario (id, nome, login, senha, email, grupos_id) values (2, 'Bruna Candiolli', 'bruna', '123Mudar','email', 2);
insert into Usuario (id, nome, login, senha, email, grupos_id) values (2, 'Bruna Candiolli', 'bruna', '123Mudar','email', 2);
insert into Usuario (id, nome, login, senha, email, grupos_id) values (2, 'Bruna Candiolli', 'bruna', '123Mudar','email', 2);
insert into Usuario (id, nome, login, senha, email, grupos_id) values (2, 'Bruna Candiolli', 'bruna', '123Mudar','email', 2);
insert into Usuario (id, nome, login, senha, email, grupos_id) values (2, 'Bruna Candiolli', 'bruna', '123Mudar','email', 2);
insert into Usuario (id, nome, login, senha, email, grupos_id) values (2, 'Bruna Candiolli', 'bruna', '123Mudar','email', 2);
insert into Usuario (id, nome, login, senha, email, grupos_id) values (2, 'Bruna Candiolli', 'bruna', '123Mudar','email', 2);
insert into Usuario (id, nome, login, senha, email, grupos_id) values (2, 'Bruna Candiolli', 'bruna', '123Mudar','email', 2);
insert into Usuario (id, nome, login, senha, email, grupos_id) values (2, 'Bruna Candiolli', 'bruna', '123Mudar','email', 2);
insert into Usuario (id, nome, login, senha, email, grupos_id) values (2, 'Bruna Candiolli', 'bruna', '123Mudar','email', 2);
insert into Usuario (id, nome, login, senha, email, grupos_id) values (2, 'Bruna Candiolli', 'bruna', '123Mudar','email', 2);


insert into GRUPO (id, nome, descricao, permissoes_id) values (1, 'DIRETOR-GERAL', 'Diretor', 1);
insert into GRUPO (id, nome, descricao, permissoes_id) values (2, 'DIRETORES', 'Grupo de Diretores', 1);
insert into GRUPO (id, nome, descricao, permissoes_id) values (3, 'GERENTES', 'Grupo de Gerentes', 1);
insert into GRUPO (id, nome, descricao, permissoes_id) values (4, 'VENDEDORES', 'Grupo de Vendedores', 2);

insert into PERMISSAO (id, nome) values (1, 'ADMIN');
insert into PERMISSAO (id, nome) values (2, 'USER');

insert into USUARIO_GRUPOS (usuarios_id, grupos_id) values (1, 1);
insert into USUARIO_GRUPOS (usuarios_id, grupos_id) values (2, 2);

insert into GRUPO_PERMISSOES (grupos_id, permissoes_id) values (2, 1);
insert into GRUPO_PERMISSOES (grupos_id, permissoes_id) values (2, 2);

insert into GRUPO_PERMISSOES (grupos_id, permissoes_id) values (1, 2);
