insert into Usuario (id, nome, login, senha, email, grupos_id) values(1,'Edson A. do Nascimento','pele','123Mudar','pele@magazineaziul.com.br',1);
insert into Usuario (id, nome, login, senha, email, grupos_id) values(2,'Vagner Mancini','vagner.mancini','123Mudar','vagner.mancini@magazineaziul.com.br',1);
insert into Usuario (id, nome, login, senha, email, grupos_id) values(3,'Abel Ferreira','abel.ferreira','123Mudar','abel.ferreira@magazineaziul.com.br',1);
insert into Usuario (id, nome, login, senha, email, grupos_id) values(4,'Rogerio Ceni','rogerio.ceni','123Mudar','rogerio.ceni@magazineaziul.com.br',1);
insert into Usuario (id, nome, login, senha, email, grupos_id) values(5,'Ronaldinho Gaucho','ronaldinho.gaucho','123Mudar','ronaldinho.gaucho@magazineaziul.com.br',1);
insert into Usuario (id, nome, login, senha, email, grupos_id) values(6,'Roberto Firmino','roberto.firmino','123Mudar','roberto.firmino@magazineaziul.com.br',1);
insert into Usuario (id, nome, login, senha, email, grupos_id) values(7,'Alex de Souza','alex.de.souza','123Mudar','alex.de.souza@magazineaziul.com.br',1);
insert into Usuario (id, nome, login, senha, email, grupos_id) values(8,'Françoaldo Souza','françoaldo.souza','123Mudar','françoaldo.souza@magazineaziul.com.br',1);
insert into Usuario (id, nome, login, senha, email, grupos_id) values(9,'Romário Faria','romário.faria','123Mudar','romário.faria@magazineaziul.com.br',1);
insert into Usuario (id, nome, login, senha, email, grupos_id) values(10,'Ricardo Goulart','ricardo.goulart','123Mudar','ricardo.goulart@magazineaziul.com.br',1);
insert into Usuario (id, nome, login, senha, email, grupos_id) values(11,'Dejan Petkovic','dejan.petkovic','123Mudar','dejan.petkovic@magazineaziul.com.br',1);
insert into Usuario (id, nome, login, senha, email, grupos_id) values(12,'Deyverson Acosta','deyverson.acosta','123Mudar','deyverson.acosta@magazineaziul.com.br',1);
insert into Usuario (id, nome, login, senha, email, grupos_id) values(13,'Harlei Silva','harlei.silva','123Mudar','harlei.silva@magazineaziul.com.br',1);
insert into Usuario (id, nome, login, senha, email, grupos_id) values(14,'Walter Henrique','walter.henrique','123Mudar','walter.henrique@magazineaziul.com.br',1);
insert into Usuario (id, nome, login, senha, email, grupos_id) values(15,'Afonso Afancar','afonso.afancar','123Mudar','afonso.afancar@magazineaziul.com.br',2);
insert into Usuario (id, nome, login, senha, email, grupos_id) values(16,'Alceu Andreoli','alceu.andreoli','123Mudar','alceu.andreoli@magazineaziul.com.br',2);
insert into Usuario (id, nome, login, senha, email, grupos_id) values(17,'Amalia Zago','amalia.zago','123Mudar','amalia.zago@magazineaziul.com.br',2);
insert into Usuario (id, nome, login, senha, email, grupos_id) values(18,'Carlos Eduardo','carlos.eduardo','123Mudar','carlos.eduardo@magazineaziul.com.br',2);
insert into Usuario (id, nome, login, senha, email, grupos_id) values(19,'Luiz Felipe','luiz.felipe','123Mudar','luiz.felipe@magazineaziul.com.br',2);
insert into Usuario (id, nome, login, senha, email, grupos_id) values(20,'Breno','breno','123Mudar','breno@magazineaziul.com.br',2);
insert into Usuario (id, nome, login, senha, email, grupos_id) values(21,'Emanuel','emanuel','123Mudar','emanuel@magazineaziul.com.br',2);
insert into Usuario (id, nome, login, senha, email, grupos_id) values(22,'Ryan','ryan','123Mudar','ryan@magazineaziul.com.br',2);
insert into Usuario (id, nome, login, senha, email, grupos_id) values(23,'Vitor Hugo','vitor.hugo','123Mudar','vitor.hugo@magazineaziul.com.br',2);
insert into Usuario (id, nome, login, senha, email, grupos_id) values(24,'Yuri','yuri','123Mudar','yuri@magazineaziul.com.br',2);
insert into Usuario (id, nome, login, senha, email, grupos_id) values(25,'Benjamin','benjamin','123Mudar','benjamin@magazineaziul.com.br',2);
insert into Usuario (id, nome, login, senha, email, grupos_id) values(26,'Erick','erick','123Mudar','erick@magazineaziul.com.br',2);
insert into Usuario (id, nome, login, senha, email, grupos_id) values(27,'Enzo Gabriel','enzo.gabriel','123Mudar','enzo.gabriel@magazineaziul.com.br',2);
insert into Usuario (id, nome, login, senha, email, grupos_id) values(28,'Fernando','fernando','123Mudar','fernando@magazineaziul.com.br',2);
insert into Usuario (id, nome, login, senha, email, grupos_id) values(29,'Joaquim','joaquim','123Mudar','joaquim@magazineaziul.com.br',2);
insert into Usuario (id, nome, login, senha, email, grupos_id) values(30,'André','andré','123Mudar','andré@magazineaziul.com.br',2);
insert into Usuario (id, nome, login, senha, email, grupos_id) values(31,'Raul','raul','123Mudar','raul@magazineaziul.com.br',2);
insert into Usuario (id, nome, login, senha, email, grupos_id) values(32,'Marcelo','marcelo','123Mudar','marcelo@magazineaziul.com.br',2);
insert into Usuario (id, nome, login, senha, email, grupos_id) values(33,'Julio César','julio.césar','123Mudar','julio.césar@magazineaziul.com.br',2);
insert into Usuario (id, nome, login, senha, email, grupos_id) values(34,'Cauê','cauê','123Mudar','cauê@magazineaziul.com.br',2);
insert into Usuario (id, nome, login, senha, email, grupos_id) values(35,'Benício','benício','123Mudar','benício@magazineaziul.com.br',2);
insert into Usuario (id, nome, login, senha, email, grupos_id) values(36,'Vitor Gabriel','vitor.gabriel','123Mudar','vitor.gabriel@magazineaziul.com.br',2);
insert into Usuario (id, nome, login, senha, email, grupos_id) values(37,'Augusto','augusto','123Mudar','augusto@magazineaziul.com.br',2);
insert into Usuario (id, nome, login, senha, email, grupos_id) values(38,'Pedro Lucas','pedro.lucas','123Mudar','pedro.lucas@magazineaziul.com.br',2);
insert into Usuario (id, nome, login, senha, email, grupos_id) values(39,'Luiz Gustavo','luiz.gustavo','123Mudar','luiz.gustavo@magazineaziul.com.br',2);
insert into Usuario (id, nome, login, senha, email, grupos_id) values(40,'Giovanni','giovanni','123Mudar','giovanni@magazineaziul.com.br',2);
insert into Usuario (id, nome, login, senha, email, grupos_id) values(41,'Renato','renato','123Mudar','renato@magazineaziul.com.br',2);
insert into Usuario (id, nome, login, senha, email, grupos_id) values(42,'Diego','diego','123Mudar','diego@magazineaziul.com.br',2);
insert into Usuario (id, nome, login, senha, email, grupos_id) values(43,'João Paulo','joão.paulo','123Mudar','joão.paulo@magazineaziul.com.br',2);
insert into Usuario (id, nome, login, senha, email, grupos_id) values(44,'Renan','renan','123Mudar','renan@magazineaziul.com.br',2);
insert into Usuario (id, nome, login, senha, email, grupos_id) values(45,'Luiz Fernando','luiz.fernando','123Mudar','luiz.fernando@magazineaziul.com.br',2);
insert into Usuario (id, nome, login, senha, email, grupos_id) values(46,'Anthony','anthony','123Mudar','anthony@magazineaziul.com.br',2);
insert into Usuario (id, nome, login, senha, email, grupos_id) values(47,'Lucas Gabriel','lucas.gabriel','123Mudar','lucas.gabriel@magazineaziul.com.br',2);
insert into Usuario (id, nome, login, senha, email, grupos_id) values(48,'Thales','thales','123Mudar','thales@magazineaziul.com.br',2);
insert into Usuario (id, nome, login, senha, email, grupos_id) values(49,'Luiz Miguel','luiz.miguel','123Mudar','luiz.miguel@magazineaziul.com.br',2);
insert into Usuario (id, nome, login, senha, email, grupos_id) values(50,'Henry','henry','123Mudar','henry@magazineaziul.com.br',2);
insert into Usuario (id, nome, login, senha, email, grupos_id) values(51,'Marcos Vinicius','marcos.vinicius','123Mudar','marcos.vinicius@magazineaziul.com.br',2);
insert into Usuario (id, nome, login, senha, email, grupos_id) values(52,'Kevin','kevin','123Mudar','kevin@magazineaziul.com.br',2);
insert into Usuario (id, nome, login, senha, email, grupos_id) values(53,'Levi','levi','123Mudar','levi@magazineaziul.com.br',2);
insert into Usuario (id, nome, login, senha, email, grupos_id) values(54,'Enrico','enrico','123Mudar','enrico@magazineaziul.com.br',2);
insert into Usuario (id, nome, login, senha, email, grupos_id) values(55,'João Lucas','joão.lucas','123Mudar','joão.lucas@magazineaziul.com.br',2);
insert into Usuario (id, nome, login, senha, email, grupos_id) values(56,'Hugo','hugo','123Mudar','hugo@magazineaziul.com.br',2);
insert into Usuario (id, nome, login, senha, email, grupos_id) values(57,'Luiz Guilherme','luiz.guilherme','123Mudar','luiz.guilherme@magazineaziul.com.br',2);
insert into Usuario (id, nome, login, senha, email, grupos_id) values(58,'Matheus Henrique','matheus.henrique','123Mudar','matheus.henrique@magazineaziul.com.br',2);
insert into Usuario (id, nome, login, senha, email, grupos_id) values(59,'Miguel','miguel','123Mudar','miguel@magazineaziul.com.br',2);
insert into Usuario (id, nome, login, senha, email, grupos_id) values(60,'Davi','davi','123Mudar','davi@magazineaziul.com.br',2);
insert into Usuario (id, nome, login, senha, email, grupos_id) values(61,'Gabriel','gabriel','123Mudar','gabriel@magazineaziul.com.br',2);
insert into Usuario (id, nome, login, senha, email, grupos_id) values(62,'Arthur','arthur','123Mudar','arthur@magazineaziul.com.br',2);
insert into Usuario (id, nome, login, senha, email, grupos_id) values(63,'Lucas','lucas','123Mudar','lucas@magazineaziul.com.br',2);
insert into Usuario (id, nome, login, senha, email, grupos_id) values(64,'Matheus','matheus','123Mudar','matheus@magazineaziul.com.br',2);

insert into GRUPO (id, nome, descricao, permissoes_id) values (1, 'DIRETOR-GERAL', 'Diretor', 1);
insert into GRUPO (id, nome, descricao, permissoes_id) values (2, 'DIRETORES', 'Grupo de Diretores', 1);
insert into GRUPO (id, nome, descricao, permissoes_id) values (3, 'GERENTES', 'Grupo de Gerentes', 1);
insert into GRUPO (id, nome, descricao, permissoes_id) values (4, 'VENDEDORES', 'Grupo de Vendedores', 2);

insert into PERMISSAO (id, nome) values (1, 'ADMIN');
insert into PERMISSAO (id, nome) values (2, 'USER');

insert into USUARIO_GRUPOS (usuarios_id, grupos_id) values (1, 1);
insert into USUARIO_GRUPOS (usuarios_id, grupos_id) values (2, 2);

insert into GRUPO_PERMISSOES (grupos_id, permissoes_id) values (2, 1);
insert into GRUPO_PERMISSOES (grupos_id, permissoes_id) values (2, 2);

insert into GRUPO_PERMISSOES (grupos_id, permissoes_id) values (1, 2);
